GeoFips,GeoName,LineCode,Description,2001,2002,2003,2004,2005,2006,2007,2008,2009,2010,2011,2012,2013,2014,2015,2016,2017,2018,2019,2020
48021,"Bastrop, TX",1,All industry total,875326,998840,1049061,1097260,1196196,1361405,1471861,1490895,1567580,1542899,1678398,1731745,1771286,1877165,1991112,2024878,2192484,2372845,2529069,2657701
48021,"Bastrop, TX",2,  Private industries,694966,805082,838581,883884,978363,1137314,1225238,1226050,1281297,1249889,1396696,1457187,1486598,1588705,1687639,1703449,1856812,2024921,2166746,2272216
48021,"Bastrop, TX",3,"    Agriculture, forestry, fishing and hunting",2109,3456,9246,11751,6752,6605,4683,15648,17317,7283,7363,9327,6598,2790,14915,6563,4261,6504,4571,4477
48021,"Bastrop, TX",6,"    Mining, quarrying, and oil and gas extraction",8259,7681,6934,7383,29954,71968,75019,97783,53591,46137,46944,48484,50355,51692,43456,41203,48021,44372,39773,38769
48021,"Bastrop, TX",10,    Utilities,142542,201741,216523,213819,212914,276034,282890,244817,316430,269643,328124,317111,291909,308033,296518,263964,214040,(D),276242,323499
48021,"Bastrop, TX",11,    Construction,86270,81448,90062,95136,117470,103169,131562,135134,145452,140207,143095,163085,151776,156925,165503,175263,210330,258150,276040,280291
48021,"Bastrop, TX",12,    Manufacturing,53753,57646,61565,70672,79674,96405,108040,106039,97338,100629,104775,100057,115917,122887,139078,143880,168072,202310,187511,189857
48021,"Bastrop, TX",13,      Durable goods manufacturing,39619,43068,38498,42566,44911,50781,59250,62888,54588,57260,63440,65577,70747,77330,77835,70783,78588,80669,82420,79343
48021,"Bastrop, TX",25,      Nondurable goods manufacturing,14134,14578,23067,28106,34763,45624,48790,43151,42750,43369,41335,34480,45169,45557,61242,73097,89485,121642,105091,110514
48021,"Bastrop, TX",34,    Wholesale trade,15742,20322,16036,21139,26105,32815,33726,31484,28974,30055,30727,37512,37094,38101,39335,35789,35832,29316,33182,32219
48021,"Bastrop, TX",35,    Retail trade,90589,97877,98340,96316,105004,107549,110996,113955,123684,129691,131281,147568,162177,175383,188685,194182,203470,225954,244493,272874
48021,"Bastrop, TX",36,    Transportation and warehousing,16126,13724,14108,17278,19831,21435,(D),25175,21994,27011,36453,39593,35370,37951,42795,39757,40738,45144,58965,53781
48021,"Bastrop, TX",45,    Information,7342,6913,7999,8476,8197,9761,12134,14598,16312,17205,15316,14465,20409,26125,44457,89151,137979,(D),(D),(D)
48021,"Bastrop, TX",50,"    Finance, insurance, real estate, rental, and leasing",125947,149871,152662,166003,181118,190076,184760,178607,207630,209835,264124,273565,304178,324915,348530,338514,387533,402539,437771,500280
48021,"Bastrop, TX",51,      Finance and insurance,26247,29907,29741,29850,29306,30724,26382,27611,33968,36716,36655,38779,37941,41373,43994,52504,54220,60292,63435,62908
48021,"Bastrop, TX",56,      Real estate and rental and leasing,99700,119964,122921,136153,151812,159352,158377,150995,173662,173118,227469,234785,266237,283542,304535,286011,333312,342247,374336,437372
48021,"Bastrop, TX",59,    Professional and business services,41750,49642,44925,53351,62651,64954,(D),82175,67972,74121,76429,81671,78440,84591,87621,89329,108283,(D),(D),(D)
48021,"Bastrop, TX",60,"      Professional, scientific, and technical services",32022,38638,31313,36982,44454,46278,48963,57527,42109,44687,46813,51603,46092,50887,53370,51582,57640,60638,70802,73369
48021,"Bastrop, TX",64,      Management of companies and enterprises,(D),(D),(D),(D),(D),(D),(D),(D),(D),(D),(D),(D),(D),(D),(D),(D),14998,(D),(D),(D)
48021,"Bastrop, TX",65,      Administrative and support and waste management and remediation services,(D),(D),(D),(D),(D),(D),(D),(D),(D),(D),(D),(D),(D),(D),(D),(D),35646,41251,52648,54373
48021,"Bastrop, TX",68,"    Educational services, health care, and social assistance",33900,37453,38898,41741,40906,44564,46659,47728,53818,58969,61773,69397,73986,81537,86440,97577,103170,105210,114434,112781
48021,"Bastrop, TX",69,      Educational services,1810,1865,(D),(D),2143,2180,2277,2132,2178,2501,2494,3077,2948,3038,3290,4210,4360,5352,6236,5758
48021,"Bastrop, TX",70,      Health care and social assistance,32090,35588,(D),(D),38763,42384,44382,45596,51640,56468,59279,66320,71038,78500,83150,93368,98810,99858,108199,107023
48021,"Bastrop, TX",75,"    Arts, entertainment, recreation, accommodation, and food services",31651,32541,36891,37202,43306,63713,91178,86085,81442,87023,97816,99908,101244,114553,120290,116106,117010,126322,136202,110058
48021,"Bastrop, TX",76,"      Arts, entertainment, and recreation",8067,6944,6477,4831,5370,4961,4719,4732,5172,5929,5835,4929,5239,4962,3665,3252,3681,5574,7619,4595
48021,"Bastrop, TX",79,      Accommodation and food services,23584,25597,30414,32371,37935,58752,86458,81353,76269,81094,91981,94978,96006,109591,116625,112854,113329,120748,128583,105463
48021,"Bastrop, TX",82,    Other services (except government and government enterprises),38986,44765,44392,43618,44483,48266,49269,46823,49341,52079,52476,55445,57145,63222,70017,72171,78071,78806,82541,81498
48021,"Bastrop, TX",83,Government and government enterprises,180360,193758,210480,213376,217833,224091,246622,264845,286283,293010,281702,274558,284688,288460,303473,321428,335672,347924,362324,385486
48021,"Bastrop, TX",,Addenda:,,,,,,,,,,,,,,,,,,,,
48021,"Bastrop, TX",87,Natural resources and mining,10367,11137,16180,19134,36706,78572,79701,113431,70909,53420,54307,57811,56953,54482,58371,47765,52283,50876,44345,43246
48021,"Bastrop, TX",88,Trade,106331,118199,114377,117455,131108,140364,144722,145439,152657,159746,162008,185079,199270,213484,228020,229972,239303,255270,277675,305093
48021,"Bastrop, TX",89,Transportation and utilities,158668,215465,230631,231097,232745,297470,(D),269992,338425,296654,364577,356703,327279,345984,339314,303721,254778,(D),335206,377281
48021,"Bastrop, TX",90,Manufacturing and information,61095,64560,69564,79147,87870,106166,120174,120637,113651,117834,120091,114522,136326,149012,183535,233031,306051,(D),(D),(D)
48021,"Bastrop, TX",91,Private goods-producing industries 2/,150390,150232,167807,184942,233850,278146,319304,354604,313699,294257,302177,320952,324645,334294,362951,366908,430685,511337,507896,513393
48021,"Bastrop, TX",92,Private services-providing industries 3/,544575,654850,670775,698942,744513,859168,905935,871446,967598,955632,1094519,1136234,1161953,1254411,1324688,1336541,1426126,1513584,1658850,1758822
48031,"Blanco, TX",1,All industry total,150283,163286,165286,178987,182069,194381,202608,207647,221328,231364,236577,275766,286958,318701,346831,352562,372540,404475,446311,471813
48031,"Blanco, TX",2,  Private industries,127126,139930,140791,153336,154845,166680,171757,175212,186466,196252,201027,239183,249405,280039,306430,311322,331550,362186,401759,425253
48031,"Blanco, TX",3,"    Agriculture, forestry, fishing and hunting",2898,5813,5216,6489,3941,2892,5455,5378,6694,2759,3914,6347,2807,2711,2449,5980,3015,5402,2914,3129
48031,"Blanco, TX",6,"    Mining, quarrying, and oil and gas extraction",675,649,1061,1248,1323,1773,1141,1401,913,957,984,1489,2881,2687,796,760,790,1008,1036,3979
48031,"Blanco, TX",10,    Utilities,21533,22476,23058,25022,24632,26875,8355,4273,4543,3977,2796,1727,2157,2700,2928,3119,3349,3599,(D),(D)
48031,"Blanco, TX",11,    Construction,16843,17858,18177,20814,22651,22768,22217,26147,27642,31100,32825,35681,36586,37027,58105,58995,63607,61138,69555,72013
48031,"Blanco, TX",12,    Manufacturing,4600,3815,3812,5576,5863,7388,9368,7961,8154,9456,11119,12213,17020,16405,20996,20456,28795,40740,47861,45240
48031,"Blanco, TX",13,      Durable goods manufacturing,3610,2733,1777,1248,(D),1821,1691,1674,1791,3119,3634,4194,3876,4067,4414,4720,4802,6251,7080,10547
48031,"Blanco, TX",25,      Nondurable goods manufacturing,989,1082,2035,4328,(D),5567,7677,6288,6363,6337,7485,8019,13144,12338,16582,15736,23992,34489,40781,34693
48031,"Blanco, TX",34,    Wholesale trade,4235,2028,2570,(D),(D),(D),(D),(D),(D),(D),10185,(D),(D),9486,(D),(D),(D),(D),(D),(D)
48031,"Blanco, TX",35,    Retail trade,9216,12093,13006,13071,12623,12950,11540,11296,12610,12506,13398,15366,20682,24256,24786,23691,23847,21323,24896,25872
48031,"Blanco, TX",36,    Transportation and warehousing,(D),(D),(D),(D),3706,(D),4059,4676,(D),4697,(D),8316,7781,(D),10560,14286,16532,14822,16654,16080
48031,"Blanco, TX",45,    Information,1417,2480,2693,3076,2663,2377,(D),2474,2253,1995,1587,(D),(D),(D),(D),(D),(D),1025,1265,1749
48031,"Blanco, TX",50,"    Finance, insurance, real estate, rental, and leasing",33717,37386,34343,35237,36819,41407,37295,36910,38884,40103,40759,67217,68933,86866,87335,82033,82118,91984,101192,120666
48031,"Blanco, TX",51,      Finance and insurance,7720,9026,(D),8557,8880,9151,9107,9120,9663,9434,9855,9992,9327,9292,9899,16381,11783,12146,11521,11176
48031,"Blanco, TX",56,      Real estate and rental and leasing,25996,28359,(D),26679,27939,32256,28188,27790,29221,30669,30903,57225,59606,77574,77436,65652,70335,79838,89671,109489
48031,"Blanco, TX",59,    Professional and business services,12193,13838,14764,17036,18111,19674,42421,44177,45758,51540,49863,50885,50681,54859,56637,58615,62220,69251,78134,83010
48031,"Blanco, TX",60,"      Professional, scientific, and technical services",(D),(D),(D),(D),(D),(D),9218,10545,10083,(D),(D),(D),(D),(D),(D),(D),(D),16771,(D),(D)
48031,"Blanco, TX",64,      Management of companies and enterprises,3660,3948,4021,4856,5992,7278,(D),(D),(D),(D),(D),(D),(D),(D),(D),(D),(D),(D),(D),(D)
48031,"Blanco, TX",65,      Administrative and support and waste management and remediation services,(D),(D),(D),(D),(D),(D),(D),(D),(D),5832,6089,6198,6906,7867,7695,8284,8562,(D),15353,18916
48031,"Blanco, TX",68,"    Educational services, health care, and social assistance",5952,(D),6127,5962,5492,5688,5991,(D),7083,(D),(D),7331,8258,9123,10226,11244,11509,(D),9367,7004
48031,"Blanco, TX",69,      Educational services,162,167,(D),(D),14,52,225,(D),(D),(D),(D),(D),(D),(D),(D),(D),(D),(D),476,410
48031,"Blanco, TX",70,      Health care and social assistance,5790,(D),(D),(D),5478,5636,5766,(D),(D),(D),(D),(D),(D),(D),(D),(D),(D),(D),8890,6594
48031,"Blanco, TX",75,"    Arts, entertainment, recreation, accommodation, and food services",(D),5587,(D),6029,(D),6057,7111,8640,10701,11514,10821,10909,11014,12155,11747,12250,14815,19360,19625,16448
48031,"Blanco, TX",76,"      Arts, entertainment, and recreation",(D),(D),(D),(D),(D),(D),(D),(D),964,1306,1362,1167,1475,1526,1836,2080,2804,3732,4178,3878
48031,"Blanco, TX",79,      Accommodation and food services,(D),(D),(D),(D),(D),(D),(D),(D),9737,10207,9459,9742,9540,10629,9911,10170,12011,15629,15447,12570
48031,"Blanco, TX",82,    Other services (except government and government enterprises),6324,7254,7096,7557,7535,8130,8010,8153,8574,9035,9186,9927,9980,(D),(D),10641,11272,12632,12726,12633
48031,"Blanco, TX",83,Government and government enterprises,23158,23356,24495,25651,27223,27701,30851,32435,34862,35112,35550,36583,37553,38663,40400,41239,40989,42289,44552,46560
48031,"Blanco, TX",,Addenda:,,,,,,,,,,,,,,,,,,,,
48031,"Blanco, TX",87,Natural resources and mining,3573,6462,6277,7737,5264,4665,6596,6779,7607,3716,4898,7835,5688,5398,3245,6740,3805,6410,3950,7108
48031,"Blanco, TX",88,Trade,13451,14121,15576,(D),(D),(D),(D),(D),(D),(D),23583,(D),(D),33742,(D),(D),(D),(D),(D),(D)
48031,"Blanco, TX",89,Transportation and utilities,(D),(D),(D),(D),28338,(D),12414,8949,(D),8673,(D),10042,9938,(D),13488,17405,19882,18421,(D),(D)
48031,"Blanco, TX",90,Manufacturing and information,6016,6296,6505,8652,8527,9765,(D),10436,10407,11451,12707,(D),(D),(D),(D),(D),(D),41765,49126,46989
48031,"Blanco, TX",91,Private goods-producing industries 2/,25015,28135,28266,34127,33779,34820,38181,40888,43404,44272,48843,55729,59295,58829,82346,86191,96206,108288,121366,124361
48031,"Blanco, TX",92,Private services-providing industries 3/,102110,111795,112526,119208,121067,131859,133576,134324,143063,151980,152184,183454,190110,221209,224084,225132,235344,253899,280393,300893
48053,"Burnet, TX",1,All industry total,650118,706986,745098,833134,885876,1000456,1050729,1102219,1083637,1113038,1141933,1227453,1266377,1374883,1410883,1458727,1554083,1638580,1766657,1834245
48053,"Burnet, TX",2,  Private industries,557378,608673,641224,725874,773873,879693,913974,957927,929084,955052,986526,1067093,1103130,1207700,1236492,1277072,1359609,1436973,1557097,1615564
48053,"Burnet, TX",3,"    Agriculture, forestry, fishing and hunting",2958,(D),(D),6119,2997,1095,2006,(D),(D),(D),(D),(D),(D),(D),(D),(D),(D),(D),2382,(D)
48053,"Burnet, TX",6,"    Mining, quarrying, and oil and gas extraction",4469,5130,5020,7858,11355,13156,11832,14961,14897,9082,9065,9428,8428,12017,12002,12062,17350,15263,35110,36277
48053,"Burnet, TX",10,    Utilities,9572,9374,9693,12091,12244,11148,14934,12844,13508,11436,12149,11012,10279,10684,12115,15714,14220,16940,19953,20019
48053,"Burnet, TX",11,    Construction,71534,74757,66903,69168,74777,97174,102267,117534,110156,104000,103238,100948,114057,124727,138111,149416,155554,158183,196161,218155
48053,"Burnet, TX",12,    Manufacturing,50318,51291,60725,92854,101350,118055,120812,126116,108877,120461,123657,127035,135724,147672,163096,154487,170198,163995,147431,149384
48053,"Burnet, TX",13,      Durable goods manufacturing,44102,42073,43795,57195,64695,67322,(D),75959,60501,(D),(D),(D),73172,81369,78550,63880,54440,55686,62392,77688
48053,"Burnet, TX",25,      Nondurable goods manufacturing,6216,9218,16931,35659,36655,50733,(D),50157,48376,(D),(D),(D),62552,66304,84545,90607,115757,108309,85039,71696
48053,"Burnet, TX",34,    Wholesale trade,22714,24093,25407,37173,44218,49739,55229,64649,72519,75880,78408,92534,86066,93065,79299,75141,71360,79366,85078,90310
48053,"Burnet, TX",35,    Retail trade,78319,83575,91179,94224,100452,102527,100785,100556,104882,110022,113190,115925,123736,130260,133620,139118,142904,150501,157486,172359
48053,"Burnet, TX",36,    Transportation and warehousing,(D),(D),(D),(D),(D),(D),(D),(D),(D),(D),(D),(D),(D),(D),(D),(D),(D),(D),(D),(D)
48053,"Burnet, TX",45,    Information,13695,15552,31272,41298,33247,46866,54975,55263,33968,25850,26561,26737,35505,33539,34335,36869,39918,49697,51539,50628
48053,"Burnet, TX",50,"    Finance, insurance, real estate, rental, and leasing",135307,153977,135245,139247,152905,174175,161045,159476,168789,182750,182553,234181,239040,266787,261955,268926,293241,314782,348716,411854
48053,"Burnet, TX",51,      Finance and insurance,40823,49871,33734,33254,36448,37977,37514,36000,39318,38306,37950,40226,40123,40250,39787,36569,39044,42058,48138,50582
48053,"Burnet, TX",56,      Real estate and rental and leasing,94484,104106,101512,105993,116457,136199,123532,123476,129471,144444,144603,193955,198917,226536,222168,232357,254197,272724,300578,361271
48053,"Burnet, TX",59,    Professional and business services,46849,52104,67980,(D),(D),(D),110817,113308,99917,110167,112988,110811,106273,120667,110584,106281,121644,129154,(D),130479
48053,"Burnet, TX",60,"      Professional, scientific, and technical services",27366,32356,33276,(D),(D),(D),(D),49975,46754,46846,47537,48780,51138,55893,59531,60856,63648,65776,73805,73501
48053,"Burnet, TX",64,      Management of companies and enterprises,3661,3950,4022,(D),(D),(D),(D),12200,10265,10345,10841,11405,11088,12318,12619,12971,18698,23747,(D),17205
48053,"Burnet, TX",65,      Administrative and support and waste management and remediation services,15823,15798,30682,39184,41341,46966,50554,51133,42898,52975,54610,50626,44046,52457,38434,32454,39298,39631,(D),39773
48053,"Burnet, TX",68,"    Educational services, health care, and social assistance",(D),44632,49279,53835,57484,62471,(D),75382,87036,98175,106957,102427,104855,114885,125668,147505,154433,162742,183138,173503
48053,"Burnet, TX",69,      Educational services,(D),2141,2880,3941,4310,4480,(D),5992,6698,7495,7881,7024,7337,7847,8561,9560,10060,10921,12020,10517
48053,"Burnet, TX",70,      Health care and social assistance,(D),42491,46399,49894,53175,57991,(D),69390,80339,90680,99076,95404,97518,107038,117107,137945,144372,151821,171118,162985
48053,"Burnet, TX",75,"    Arts, entertainment, recreation, accommodation, and food services",45301,50887,50848,47678,46877,53484,56708,55275,55253,55870,58748,61937,69148,79657,88675,95016,98217,105133,101996,81228
48053,"Burnet, TX",76,"      Arts, entertainment, and recreation",9735,10498,10394,10388,9051,8483,8490,7639,7941,7883,8694,9591,9901,8807,9537,9396,8267,7762,15036,7152
48053,"Burnet, TX",79,      Accommodation and food services,35567,40389,40454,37290,37826,45000,48217,47637,47312,47987,50054,52346,59247,70850,79138,85620,89950,97371,86960,74076
48053,"Burnet, TX",82,    Other services (except government and government enterprises),31799,36311,35674,37042,40898,44017,42419,37877,38083,37675,38387,38693,37042,39727,42070,45390,46673,51637,55624,53427
48053,"Burnet, TX",83,Government and government enterprises,92740,98312,103874,107260,112003,120763,136755,144291,154552,157987,155407,160360,163247,167182,174392,181655,194474,201607,209561,218681
48053,"Burnet, TX",,Addenda:,,,,,,,,,,,,,,,,,,,,
48053,"Burnet, TX",87,Natural resources and mining,7427,(D),(D),13976,14351,14251,13837,(D),(D),(D),(D),(D),(D),(D),(D),(D),(D),(D),37491,(D)
48053,"Burnet, TX",88,Trade,101032,107668,116586,131396,144670,152266,156014,165205,177401,185901,191598,208458,209803,223326,212919,214260,214264,229867,242565,262669
48053,"Burnet, TX",89,Transportation and utilities,(D),(D),(D),(D),(D),(D),(D),(D),(D),(D),(D),(D),(D),(D),(D),(D),(D),(D),(D),(D)
48053,"Burnet, TX",90,Manufacturing and information,64013,66843,91997,134152,134597,164921,175786,181379,142845,146311,150219,153772,171229,181211,197430,191356,210116,213692,198970,200012
48053,"Burnet, TX",91,Private goods-producing industries 2/,129279,(D),(D),175999,190478,229480,236916,(D),(D),(D),(D),(D),(D),(D),(D),(D),(D),(D),381083,(D)
48053,"Burnet, TX",92,Private services-providing industries 3/,428099,(D),(D),549875,583394,650212,677057,(D),(D),(D),(D),(D),(D),(D),(D),(D),(D),(D),1176014,(D)
48089,"Colorado, TX",1,All industry total,507287,517580,571095,614686,687483,800304,822985,859816,726629,733721,758133,767846,1047301,1014426,854435,816040,861935,838044,878566,858922
48089,"Colorado, TX",2,  Private industries,459986,468140,519296,562971,633929,746921,767041,802382,667394,674641,696314,702067,979908,946039,782109,739838,783624,756853,795195,772519
48089,"Colorado, TX",3,"    Agriculture, forestry, fishing and hunting",18898,22695,33955,40770,18212,26753,7345,15254,16815,8735,8862,13985,54412,21818,16034,13456,10184,14607,10558,11228
48089,"Colorado, TX",6,"    Mining, quarrying, and oil and gas extraction",131584,117325,149637,159034,232991,303480,302673,310201,162493,150081,144502,109998,115648,169500,100972,72937,88713,89032,84019,48995
48089,"Colorado, TX",10,    Utilities,1016,1117,1050,1123,902,949,1028,1039,1016,1032,1078,1042,1128,1167,1256,2807,3582,3311,2568,2029
48089,"Colorado, TX",11,    Construction,31950,34481,35230,33477,39450,38503,41771,50046,53247,53188,60172,57108,56941,61880,68940,78408,80982,70432,69470,71311
48089,"Colorado, TX",12,    Manufacturing,43688,47032,46344,70316,77002,83844,111825,105241,100894,112473,108956,128023,356752,280618,178271,163019,176248,147032,151169,146765
48089,"Colorado, TX",13,      Durable goods manufacturing,36594,40368,38609,61119,68440,74220,101396,96288,90984,105227,101580,121413,348552,270974,167993,152516,166302,137046,141037,136225
48089,"Colorado, TX",25,      Nondurable goods manufacturing,7093,6664,7735,9197,8562,9624,10429,8953,9910,7247,7377,6610,8200,9644,10278,10503,9945,9985,10132,10540
48089,"Colorado, TX",34,    Wholesale trade,12920,12948,13165,15930,19642,20485,20803,23642,23761,26788,29594,36078,36126,37257,34319,26895,24013,24040,26556,(D)
48089,"Colorado, TX",35,    Retail trade,45846,48572,49828,44325,39150,40740,43719,44079,45777,44844,43028,44555,48164,50688,52928,52711,54484,56703,58369,64653
48089,"Colorado, TX",36,    Transportation and warehousing,15845,14261,15777,20579,24683,29626,29842,21751,19353,19715,30212,32464,33114,36223,34866,38488,39138,41389,41877,40355
48089,"Colorado, TX",45,    Information,4282,4899,4626,4246,3699,3958,4773,5106,5140,5097,4808,5393,5655,5141,3516,2609,1632,1633,1703,1728
48089,"Colorado, TX",50,"    Finance, insurance, real estate, rental, and leasing",71545,74631,76197,78239,80548,96227,97789,112066,118345,122377,127602,125319,125459,133149,139918,141462,154844,153091,181628,198038
48089,"Colorado, TX",51,      Finance and insurance,18676,20173,18851,16867,16650,16996,14896,14597,18394,20234,20862,23005,23490,23609,24541,28401,27186,27780,25792,25769
48089,"Colorado, TX",56,      Real estate and rental and leasing,52869,54458,57346,61372,63898,79231,82893,97469,99951,102143,106740,102314,101969,109540,115378,113061,127658,125311,155836,172269
48089,"Colorado, TX",59,    Professional and business services,14234,15930,18000,19674,22230,25006,27798,33504,34088,36982,39247,41607,44937,49858,49732,43197,45330,49108,53870,(D)
48089,"Colorado, TX",60,"      Professional, scientific, and technical services",(D),(D),(D),8168,9009,10420,11596,13356,13758,14015,15083,16441,(D),(D),(D),18688,(D),18708,21690,21601
48089,"Colorado, TX",64,      Management of companies and enterprises,(D),(D),(D),(D),(D),(D),(D),(D),(D),10881,11323,12192,(D),(D),(D),(D),(D),(D),(D),(D)
48089,"Colorado, TX",65,      Administrative and support and waste management and remediation services,3552,4157,6088,(D),(D),(D),(D),(D),(D),12087,12842,12975,15643,17695,15551,(D),(D),(D),(D),(D)
48089,"Colorado, TX",68,"    Educational services, health care, and social assistance",36174,39355,40746,41752,39929,41093,41270,44239,47773,50803,54230,60507,55258,52912,54472,57042,58947,58157,61895,58557
48089,"Colorado, TX",69,      Educational services,(D),(D),(D),(D),(D),1976,(D),(D),2603,2885,(D),(D),(D),(D),(D),(D),(D),(D),5904,5371
48089,"Colorado, TX",70,      Health care and social assistance,(D),(D),(D),(D),(D),39116,(D),(D),45170,47919,(D),(D),(D),(D),(D),(D),(D),(D),55992,53186
48089,"Colorado, TX",75,"    Arts, entertainment, recreation, accommodation, and food services",16608,17881,17921,16722,16793,16529,17281,18447,20797,23639,25379,26552,26387,23838,24282,25300,25787,28558,31639,29478
48089,"Colorado, TX",76,"      Arts, entertainment, and recreation",2503,3011,4000,4035,4120,4225,4273,4144,4886,5964,7275,7130,7110,4424,4770,6253,7732,9313,10918,10691
48089,"Colorado, TX",79,      Accommodation and food services,14105,14870,13921,12687,12673,12305,13008,14303,15911,17674,18104,19422,19277,19415,19512,19047,18056,19245,20721,18787
48089,"Colorado, TX",82,    Other services (except government and government enterprises),15396,17012,16820,16784,18699,19728,19124,17768,17895,18886,18644,19435,19927,21990,22603,21507,19740,19762,19873,19539
48089,"Colorado, TX",83,Government and government enterprises,47301,49440,51799,51715,53553,53383,55944,57435,59235,59079,61818,65779,67393,68387,72326,76202,78312,81191,83371,86403
48089,"Colorado, TX",,Addenda:,,,,,,,,,,,,,,,,,,,,
48089,"Colorado, TX",87,Natural resources and mining,150482,140020,183592,199804,251203,330233,310017,325455,179308,158816,153364,123984,170060,191318,117006,86392,98897,103639,94577,60223
48089,"Colorado, TX",88,Trade,58766,61520,62993,60255,58792,61224,64523,67721,69539,71633,72622,80633,84290,87945,87248,79606,78497,80742,84925,(D)
48089,"Colorado, TX",89,Transportation and utilities,16861,15378,16827,21702,25585,30575,30870,22790,20369,20747,31290,33506,34242,37390,36122,41295,42720,44700,44445,42383
48089,"Colorado, TX",90,Manufacturing and information,47970,51931,50970,74562,80701,87802,116598,110347,106034,117570,113764,133416,362407,285759,181787,165628,177879,148664,152873,148493
48089,"Colorado, TX",91,Private goods-producing industries 2/,226120,221533,265166,303598,367655,452580,463613,480742,333449,324477,322492,309115,583753,533816,364216,327820,356126,321102,315217,278298
48089,"Colorado, TX",92,Private services-providing industries 3/,233866,246607,254130,259373,266275,294341,303428,321640,333945,350164,373822,392952,396155,412223,417893,412018,427498,435751,479978,494220
48149,"Fayette, TX",1,All industry total,1310338,1212953,1366882,1320759,1357825,1456946,1567138,1641693,1505652,1528666,1613724,1562017,1846705,1887289,1550374,1451058,1610714,1615199,1646933,1531340
48149,"Fayette, TX",2,  Private industries,1232728,1125463,1278029,1228204,1263441,1358533,1460341,1527874,1389676,1409405,1494951,1437660,1727751,1762914,1427335,1329609,1483085,1482230,1509398,1390172
48149,"Fayette, TX",3,"    Agriculture, forestry, fishing and hunting",6246,11959,17734,17681,6187,(D),4644,15445,15862,3264,5818,7395,2831,3625,3908,12975,6080,11416,5150,5726
48149,"Fayette, TX",6,"    Mining, quarrying, and oil and gas extraction",253762,212983,286784,296080,340236,343272,351912,390090,218192,249201,284268,342796,486837,547473,237461,144614,194027,203787,200950,104595
48149,"Fayette, TX",10,    Utilities,456640,382344,461987,422309,402566,428631,505598,490208,525461,519990,502087,363804,454994,407854,368612,421252,480370,421434,425024,403801
48149,"Fayette, TX",11,    Construction,31311,32813,34591,39250,38282,33771,34496,36382,43498,44009,40645,48273,50107,50467,50767,49656,51240,49477,50793,52131
48149,"Fayette, TX",12,    Manufacturing,159411,144227,135530,102157,103549,124847,121305,89736,65483,65513,72882,75265,80525,76478,72953,62171,72893,80854,85596,76975
48149,"Fayette, TX",13,      Durable goods manufacturing,138041,120925,110779,74714,76088,95559,91737,60911,35512,37711,44626,45376,47135,43734,40694,36849,50822,58679,62142,50570
48149,"Fayette, TX",25,      Nondurable goods manufacturing,21370,23303,24752,27443,27461,29288,29568,28825,29971,27801,28256,29889,33390,32743,32259,25322,22071,22175,23454,26405
48149,"Fayette, TX",34,    Wholesale trade,27540,27961,29592,33298,37699,42393,48043,55466,60463,70342,79523,91598,84612,79389,76456,68897,65171,68944,69223,77270
48149,"Fayette, TX",35,    Retail trade,40761,41840,40796,46854,56994,54853,55107,55795,58061,64320,65699,69592,76382,81139,85249,85612,87643,92624,96721,104412
48149,"Fayette, TX",36,    Transportation and warehousing,32396,27626,34813,34652,36515,(D),71619,(D),(D),(D),(D),(D),(D),114014,(D),(D),(D),(D),(D),(D)
48149,"Fayette, TX",45,    Information,13289,12871,13064,14699,15195,15770,18800,20418,18729,17710,17080,16258,17497,17560,20931,23261,25980,28341,27263,26824
48149,"Fayette, TX",50,"    Finance, insurance, real estate, rental, and leasing",104847,116837,108545,109253,114225,129183,120390,117884,134582,138405,172090,166184,187121,213579,229051,224754,246316,274133,287964,307147
48149,"Fayette, TX",51,      Finance and insurance,37945,44489,40135,36446,36431,48244,36860,35586,39951,43815,47591,48815,45516,48045,51954,57284,56520,64010,62262,60707
48149,"Fayette, TX",56,      Real estate and rental and leasing,66903,72348,68410,72807,77794,80940,83530,82297,94630,94590,124499,117369,141605,165534,177097,167471,189796,210123,225702,246440
48149,"Fayette, TX",59,    Professional and business services,23682,24967,24596,27846,28838,31002,36180,(D),(D),(D),(D),(D),(D),55629,(D),(D),(D),(D),(D),(D)
48149,"Fayette, TX",60,"      Professional, scientific, and technical services",15172,16831,16293,18278,18565,19553,23201,28126,26142,25841,28187,29757,30478,32245,29476,25080,23206,23515,25463,24378
48149,"Fayette, TX",64,      Management of companies and enterprises,(D),(D),(D),(D),6301,7519,8743,(D),(D),(D),(D),(D),(D),(D),(D),(D),(D),(D),(D),(D)
48149,"Fayette, TX",65,      Administrative and support and waste management and remediation services,(D),(D),(D),(D),3973,3930,4235,(D),(D),(D),(D),(D),(D),(D),(D),(D),(D),(D),(D),(D)
48149,"Fayette, TX",68,"    Educational services, health care, and social assistance",36549,37863,40173,43073,41465,44733,47489,50822,53687,54016,55822,53418,55690,57136,61562,62995,60325,62990,66514,65096
48149,"Fayette, TX",69,      Educational services,(D),(D),(D),2478,(D),3020,(D),(D),(D),3389,3638,3713,3699,3863,4004,4770,(D),(D),6619,(D)
48149,"Fayette, TX",70,      Health care and social assistance,(D),(D),(D),40595,(D),41712,(D),(D),(D),50628,52184,49705,51991,53273,57558,58225,(D),(D),59895,(D)
48149,"Fayette, TX",75,"    Arts, entertainment, recreation, accommodation, and food services",30194,33200,32281,22652,22213,22107,23351,25144,29181,30030,29135,31400,31697,35734,37585,39623,40241,44993,48440,38125
48149,"Fayette, TX",76,"      Arts, entertainment, and recreation",2016,3099,3277,3205,3262,3213,3221,3574,4426,4207,3867,4198,5335,5717,5365,6361,5427,6114,8946,3830
48149,"Fayette, TX",79,      Accommodation and food services,28179,30101,29005,19448,18951,18894,20131,21570,24756,25823,25268,27202,26362,30016,32220,33262,34813,38879,39494,34294
48149,"Fayette, TX",82,    Other services (except government and government enterprises),16100,17970,17542,18400,19477,20981,21408,20196,20014,20895,20909,22163,21881,22838,23329,22881,23046,23130,24732,23832
48149,"Fayette, TX",83,Government and government enterprises,77610,87490,88853,92555,94383,98413,106798,113818,115976,119262,118773,124357,118954,124376,123039,121450,127629,132970,137535,141168
48149,"Fayette, TX",,Addenda:,,,,,,,,,,,,,,,,,,,,
48149,"Fayette, TX",87,Natural resources and mining,260008,224942,304518,313761,346423,(D),356556,405535,234055,252464,290086,350191,489668,551099,241369,157589,200107,215204,206100,110321
48149,"Fayette, TX",88,Trade,68301,69801,70388,80152,94694,97246,103150,111261,118524,134662,145222,161190,160994,160528,161705,154508,152814,161568,165944,181682
48149,"Fayette, TX",89,Transportation and utilities,489036,409970,496800,456961,439081,(D),577217,(D),(D),(D),(D),(D),(D),521868,(D),(D),(D),(D),(D),(D)
48149,"Fayette, TX",90,Manufacturing and information,172700,157098,148594,116856,118744,140618,140106,110154,84212,83222,89962,91523,98022,94037,93884,85432,98873,109195,112859,103799
48149,"Fayette, TX",91,Private goods-producing industries 2/,450730,401983,474639,455167,488254,(D),512356,531653,343036,361986,403613,473729,620301,678043,365089,269417,324240,345534,342489,239427
48149,"Fayette, TX",92,Private services-providing industries 3/,781998,723480,803390,773037,775187,(D),947984,996221,1046641,1047419,1091337,963931,1107450,1084871,1062246,1060192,1158844,1136696,1166909,1150745
48171,"Gillespie, TX",1,All industry total,431968,472641,502970,541141,587844,645235,659689,674997,698882,719502,744000,811298,813524,897593,950778,972725,1007033,1081547,1170582,1204790
48171,"Gillespie, TX",2,  Private industries,384226,421857,449084,485305,530184,586205,597441,609765,630454,647943,670620,736127,735263,815942,864159,882927,916041,987029,1075142,1106059
48171,"Gillespie, TX",3,"    Agriculture, forestry, fishing and hunting",5709,10470,16041,13525,4558,2671,6723,11490,14682,4924,6539,13575,3922,(D),(D),10466,5148,7901,3888,3434
48171,"Gillespie, TX",6,"    Mining, quarrying, and oil and gas extraction",1389,1277,1370,1930,3635,4707,5499,5829,5604,5025,5296,6206,4511,7087,8558,7046,8986,8966,5311,3757
48171,"Gillespie, TX",10,    Utilities,4497,4572,4562,4909,4825,5405,5264,5341,5905,6194,6415,6016,6511,7083,7136,7749,7649,7934,8790,9799
48171,"Gillespie, TX",11,    Construction,40720,44007,46970,51413,64617,68674,74623,78040,71991,65262,62811,80353,89785,99705,101457,98286,98489,100365,112509,109569
48171,"Gillespie, TX",12,    Manufacturing,25157,28084,27586,37314,51205,53467,57176,54107,55020,54782,57578,60065,65608,64842,72526,74154,78187,83454,92625,89563
48171,"Gillespie, TX",13,      Durable goods manufacturing,15410,16808,14748,22298,36002,36051,40469,35585,31543,32104,34670,34768,36709,34356,31681,31887,36097,41969,43930,40320
48171,"Gillespie, TX",25,      Nondurable goods manufacturing,9747,11276,12838,15015,15204,17416,16707,18522,23477,22677,22908,25296,28899,30486,40845,42267,42089,41485,48696,49243
48171,"Gillespie, TX",34,    Wholesale trade,11165,11941,12260,15129,17950,21665,24477,22096,23773,26335,28241,30692,30178,28286,26945,24190,24338,26093,27385,27030
48171,"Gillespie, TX",35,    Retail trade,50876,55379,59250,61765,66552,69759,70367,69977,74766,82815,78752,79179,81611,88046,93238,94596,94016,99247,103921,111090
48171,"Gillespie, TX",36,    Transportation and warehousing,(D),(D),(D),(D),(D),(D),(D),(D),(D),(D),(D),(D),(D),(D),(D),(D),(D),(D),(D),(D)
48171,"Gillespie, TX",45,    Information,6682,7640,8675,10004,10170,10033,13483,13660,12617,11432,10628,10565,13258,16358,19762,20376,24177,22438,20197,17559
48171,"Gillespie, TX",50,"    Finance, insurance, real estate, rental, and leasing",100506,111466,113818,115618,127286,158475,130539,125699,132560,147481,159398,180714,167652,207316,215057,215041,226677,258683,306327,369879
48171,"Gillespie, TX",51,      Finance and insurance,26517,29461,29367,28109,30978,32225,27874,26202,31906,31734,34267,35958,35784,34294,35503,47206,45883,52923,49522,52791
48171,"Gillespie, TX",56,      Real estate and rental and leasing,73989,82005,84451,87510,96308,126250,102666,99497,100655,115747,125131,144755,131869,173023,179554,167835,180794,205760,256806,317088
48171,"Gillespie, TX",59,    Professional and business services,(D),(D),(D),(D),(D),(D),(D),(D),(D),(D),(D),(D),(D),69435,69119,(D),(D),(D),(D),(D)
48171,"Gillespie, TX",60,"      Professional, scientific, and technical services",18516,19182,18733,(D),(D),(D),(D),(D),27614,(D),(D),(D),36270,42621,41948,44630,47868,52220,55374,54440
48171,"Gillespie, TX",64,      Management of companies and enterprises,(D),(D),(D),(D),(D),(D),(D),(D),(D),(D),(D),(D),(D),11769,11535,(D),(D),(D),(D),(D)
48171,"Gillespie, TX",65,      Administrative and support and waste management and remediation services,(D),(D),(D),10152,12704,12692,15837,15354,(D),15995,18067,17651,(D),15045,15636,(D),(D),(D),(D),(D)
48171,"Gillespie, TX",68,"    Educational services, health care, and social assistance",55241,61515,68512,75189,77232,82191,83186,89468,102745,108845,113779,116347,117216,122715,131065,137366,137582,139545,139452,128114
48171,"Gillespie, TX",69,      Educational services,2809,3069,3527,4091,4186,4571,5600,7027,7681,8260,8718,8709,8666,9326,9409,10930,11396,12460,13846,13147
48171,"Gillespie, TX",70,      Health care and social assistance,52431,58447,64984,71099,73046,77620,77586,82440,95064,100585,105061,107638,108550,113389,121656,126437,126186,127085,125606,114968
48171,"Gillespie, TX",75,"    Arts, entertainment, recreation, accommodation, and food services",29842,31207,34760,38245,37338,39797,42339,45779,48133,50159,51405,56761,60579,67236,78918,86999,92123,99373,107123,90927
48171,"Gillespie, TX",76,"      Arts, entertainment, and recreation",3675,3297,4160,5552,3633,3228,3773,4166,6308,6428,7185,6322,7127,9136,9532,13634,18953,23694,24322,19550
48171,"Gillespie, TX",79,      Accommodation and food services,26167,27910,30601,32693,33704,36569,38565,41613,41826,43732,44220,50439,53452,58100,69386,73365,73171,75679,82802,71378
48171,"Gillespie, TX",82,    Other services (except government and government enterprises),19082,20901,20432,20808,22149,23735,25050,25524,26802,27572,25507,25566,25600,27720,29188,29918,31709,33513,35429,33758
48171,"Gillespie, TX",83,Government and government enterprises,47742,50785,53887,55836,57660,59030,62248,65231,68428,71560,73380,75171,78262,81651,86620,89798,90992,94518,95440,98732
48171,"Gillespie, TX",,Addenda:,,,,,,,,,,,,,,,,,,,,
48171,"Gillespie, TX",87,Natural resources and mining,7099,11747,17411,15454,8193,7379,12221,17319,20286,9949,11835,19781,8433,(D),(D),17512,14135,16867,9200,7191
48171,"Gillespie, TX",88,Trade,62042,67320,71510,76893,84502,91424,94844,92074,98539,109149,106993,109870,111789,116332,120183,118786,118354,125341,131306,138120
48171,"Gillespie, TX",89,Transportation and utilities,(D),(D),(D),(D),(D),(D),(D),(D),(D),(D),(D),(D),(D),(D),(D),(D),(D),(D),(D),(D)
48171,"Gillespie, TX",90,Manufacturing and information,31839,35724,36261,47318,61376,63500,70659,67766,67636,66214,68206,70630,78866,81200,92288,94530,102364,105892,112822,107122
48171,"Gillespie, TX",91,Private goods-producing industries 2/,72975,83838,91967,104180,124016,129520,144020,149465,147296,129993,132224,160199,163826,(D),(D),189952,190811,200687,214335,206322
48171,"Gillespie, TX",92,Private services-providing industries 3/,311251,338019,357116,381125,406169,456685,453421,460300,483157,517950,538396,575928,571436,(D),(D),692975,725230,786342,860808,899736
48209,"Hays, TX",1,All industry total,2334606,2441457,2535646,2606542,3119023,3492544,3748227,3951947,4089986,4229198,4394543,4728662,5158259,5505548,6063316,6453768,6983826,7634207,8406590,8670584
48209,"Hays, TX",2,  Private industries,1940563,2014029,2079347,2132830,2601983,2947563,3151711,3303042,3383930,3467716,3618521,3895564,4278606,4589263,5098079,5424911,5887479,6469560,7186164,7388457
48209,"Hays, TX",3,"    Agriculture, forestry, fishing and hunting",4139,5988,7104,10950,6350,6423,2703,5895,7818,2900,4041,8252,1959,3115,3512,8875,4466,7059,3564,4597
48209,"Hays, TX",6,"    Mining, quarrying, and oil and gas extraction",1664,3734,4897,4543,18404,21084,22763,25756,27078,25318,26663,29578,35786,42286,17764,13780,19596,29581,30688,14441
48209,"Hays, TX",10,    Utilities,26026,69031,101547,7461,135632,193808,165005,225211,186139,150475,162539,99696,131986,121669,207163,180256,127832,140454,158353,134865
48209,"Hays, TX",11,    Construction,216065,222774,234494,228939,274155,317067,388858,372115,380336,344546,354058,373709,416826,477787,527016,609621,646893,710136,807626,844939
48209,"Hays, TX",12,    Manufacturing,455629,353587,268751,281979,320477,363159,383872,406695,376175,375857,383280,427743,476679,479647,515111,544204,641081,711584,809258,715766
48209,"Hays, TX",13,      Durable goods manufacturing,411135,311486,226405,231152,271133,309807,322460,331135,309097,312603,326345,375407,431469,436789,459630,486993,560812,606077,627546,551045
48209,"Hays, TX",25,      Nondurable goods manufacturing,44494,42100,42346,50827,49344,53352,61412,75560,67078,63254,56935,52336,45210,42858,55480,57212,80269,105506,181712,164721
48209,"Hays, TX",34,    Wholesale trade,56925,61517,60439,68630,84675,107288,142048,157207,157514,172272,195407,255138,278335,294867,304837,282898,280770,297505,315526,300695
48209,"Hays, TX",35,    Retail trade,245251,264743,291002,307170,345298,375187,390705,398575,417354,437436,452163,470404,532235,550743,593895,646692,695501,751984,797656,857205
48209,"Hays, TX",36,    Transportation and warehousing,28039,28289,42352,55234,60258,61260,53455,68488,68554,68871,78013,73068,118064,181361,177500,213321,277209,331160,411333,418962
48209,"Hays, TX",45,    Information,70368,75454,78365,87409,112214,121521,144037,159516,138801,130240,118065,126547,132377,131975,156885,172559,186138,204722,213599,195539
48209,"Hays, TX",50,"    Finance, insurance, real estate, rental, and leasing",373932,424877,459509,486667,567001,631367,654886,633248,727026,795884,832900,938263,1003101,1018684,1159026,1228481,1385032,1572582,1696536,2054265
48209,"Hays, TX",51,      Finance and insurance,49174,53360,58408,59347,65073,75674,84717,86178,85354,88822,100297,110712,118293,130569,143211,167175,176610,194338,183544,186868
48209,"Hays, TX",56,      Real estate and rental and leasing,324758,371517,401102,427320,501928,555693,570169,547070,641672,707062,732603,827551,884808,888115,1015815,1061306,1208422,1378244,1512992,1867397
48209,"Hays, TX",59,    Professional and business services,147164,159935,157129,189988,223321,252410,274957,298995,288234,314848,321572,342985,363505,423009,483771,516396,574123,623559,749538,761423
48209,"Hays, TX",60,"      Professional, scientific, and technical services",81388,103259,101421,110177,125833,138098,155366,183072,177004,202051,214367,227869,229892,254181,288799,303598,312360,323718,368563,375562
48209,"Hays, TX",64,      Management of companies and enterprises,4757,6200,7085,20366,20684,22774,27624,29230,30201,29319,30066,31031,32811,35057,40657,42960,45783,46862,48599,40371
48209,"Hays, TX",65,      Administrative and support and waste management and remediation services,61020,50476,48623,59444,76804,91538,91967,86694,81029,83478,77139,84086,100801,133771,154315,169838,215980,252979,332377,345490
48209,"Hays, TX",68,"    Educational services, health care, and social assistance",157859,168025,180646,195093,206371,221414,235180,252771,281234,303731,326622,345357,361321,389367,428569,463154,486799,497980,531437,479704
48209,"Hays, TX",69,      Educational services,8827,9312,11782,16102,16533,18041,20024,20723,26382,34140,43383,52068,59369,65721,76806,90142,92435,95201,105837,101221
48209,"Hays, TX",70,      Health care and social assistance,149031,158713,168864,178991,189838,203374,215156,232048,254851,269591,283239,293289,301952,323647,351763,373012,394364,402779,425600,378482
48209,"Hays, TX",75,"    Arts, entertainment, recreation, accommodation, and food services",88342,97716,111444,116800,141997,160527,169250,175089,194453,200255,215100,246041,258422,291022,327378,338779,342174,353819,399291,345732
48209,"Hays, TX",76,"      Arts, entertainment, and recreation",5836,6376,7629,8047,12108,14918,16191,14199,15435,15059,19839,20840,21148,25053,27273,27064,29675,38357,51060,33163
48209,"Hays, TX",79,      Accommodation and food services,82505,91340,103815,108753,129890,145609,153058,160889,179018,185197,195261,225201,237274,265969,300106,311716,312499,315462,348231,312570
48209,"Hays, TX",82,    Other services (except government and government enterprises),69159,78359,81667,91967,105831,115047,123993,123482,133214,145083,148098,158780,168011,183730,195650,205894,219866,237435,261760,260323
48209,"Hays, TX",83,Government and government enterprises,394043,427428,456300,473712,517040,544981,596517,648904,706056,761482,776023,833098,879653,916284,965237,1028857,1096347,1164648,1220426,1282127
48209,"Hays, TX",,Addenda:,,,,,,,,,,,,,,,,,,,,
48209,"Hays, TX",87,Natural resources and mining,5803,9722,12001,15492,24754,27507,25466,31651,34896,28219,30704,37831,37746,45402,21276,22655,24062,36640,34253,19038
48209,"Hays, TX",88,Trade,302176,326260,351440,375800,429972,482475,532753,555782,574868,609708,647570,725542,810570,845610,898732,929590,976270,1049490,1113182,1157900
48209,"Hays, TX",89,Transportation and utilities,54065,97320,143899,62695,195890,255068,218460,293699,254693,219346,240552,172764,250050,303030,384663,393578,405041,471614,569686,553827
48209,"Hays, TX",90,Manufacturing and information,525998,429041,347116,369388,432691,484680,527910,566211,514976,506097,501345,554290,609055,611622,671996,716763,827219,916306,1022857,911305
48209,"Hays, TX",91,Private goods-producing industries 2/,677497,586083,515246,526411,619385,707734,798196,810461,791407,748621,768042,839283,931251,1002835,1063404,1176481,1312036,1458359,1651136,1579744
48209,"Hays, TX",92,Private services-providing industries 3/,1263066,1427946,1564100,1606419,1982597,2239829,2353515,2492581,2592523,2719095,2850479,3056281,3347355,3586428,4034675,4248430,4575443,5011201,5535028,5808713
48299,"Llano, TX",1,All industry total,314569,329956,348737,350348,369322,412783,431347,445243,460480,471398,462470,503513,508202,533043,695682,722172,753741,763668,803514,844844
48299,"Llano, TX",2,  Private industries,269831,277083,293650,296512,312659,353201,367255,378791,391481,398301,408493,447597,453006,474637,636843,661801,690444,697216,736160,773150
48299,"Llano, TX",3,"    Agriculture, forestry, fishing and hunting",5967,9168,12684,13461,2206,723,2481,8083,10417,2856,4031,7447,2160,2371,3063,7021,4974,6884,(D),4543
48299,"Llano, TX",6,"    Mining, quarrying, and oil and gas extraction",708,556,1124,563,1683,2498,2536,1931,538,619,971,577,1818,1841,2650,2783,3134,2642,2859,3009
48299,"Llano, TX",10,    Utilities,39191,26098,37431,26386,30497,40543,36510,33982,45278,34248,20588,13921,9240,3348,144955,158725,153923,129419,146725,168839
48299,"Llano, TX",11,    Construction,31440,33221,32984,29739,26279,29093,31253,35900,33524,32931,33856,37596,39105,38517,41447,41603,43223,46319,54522,54976
48299,"Llano, TX",12,    Manufacturing,6397,6651,6128,6439,7139,7637,8142,13744,11818,10623,7938,7341,9147,12001,17360,15787,19885,22710,22698,20803
48299,"Llano, TX",13,      Durable goods manufacturing,4823,5250,(D),5313,5565,5699,6014,10949,(D),(D),(D),(D),4296,6286,9458,10606,12810,14161,15951,14806
48299,"Llano, TX",25,      Nondurable goods manufacturing,1574,1401,(D),1127,1574,1938,2128,2796,(D),(D),(D),(D),4851,5715,7902,5181,7075,8549,6746,5997
48299,"Llano, TX",34,    Wholesale trade,12667,13722,15838,17973,19532,21446,24718,27946,27934,28478,29341,34036,33381,32251,31332,31235,28699,29202,30684,31222
48299,"Llano, TX",35,    Retail trade,15334,15929,18603,20960,20663,20193,18802,20090,19728,21453,21053,24415,25529,26551,27618,28528,30350,33156,35462,39600
48299,"Llano, TX",36,    Transportation and warehousing,(D),4997,(D),1752,1827,2532,3936,5741,(D),(D),(D),(D),(D),(D),(D),(D),(D),(D),(D),(D)
48299,"Llano, TX",45,    Information,(D),2276,2676,2747,2296,2732,3729,4033,3331,2892,2761,2566,3042,3553,5069,4890,5645,4110,2350,2485
48299,"Llano, TX",50,"    Finance, insurance, real estate, rental, and leasing",75210,87987,87571,94972,112446,122696,118546,98415,106237,121622,120909,148697,151868,170412,167837,174426,192685,197944,217824,259138
48299,"Llano, TX",51,      Finance and insurance,17374,20508,18761,16085,18645,18136,18787,17797,22061,24002,22383,24268,25077,24586,26951,32040,33672,34698,32938,32990
48299,"Llano, TX",56,      Real estate and rental and leasing,57836,67478,68810,78887,93801,104560,99759,80618,84176,97620,98526,124430,126791,145826,140886,142386,159013,163246,184886,226148
48299,"Llano, TX",59,    Professional and business services,11760,13870,(D),16721,19556,23772,27125,31509,29696,31881,44853,49037,57849,57907,61840,61294,63679,57112,53726,55773
48299,"Llano, TX",60,"      Professional, scientific, and technical services",5892,7377,7415,8519,9935,12782,13719,16300,13938,13773,14829,15862,16076,18650,18723,18320,18101,19516,22276,25008
48299,"Llano, TX",64,      Management of companies and enterprises,3659,3947,(D),(D),5991,7278,8514,10517,9565,9502,10074,10863,10611,11771,11536,11746,13744,15382,16471,15685
48299,"Llano, TX",65,      Administrative and support and waste management and remediation services,2208,2545,(D),(D),3631,3711,4891,4692,6194,8606,19950,22312,31162,27486,31580,31229,31834,22214,14979,15080
48299,"Llano, TX",68,"    Educational services, health care, and social assistance",15414,15669,15289,16030,13408,13459,14662,14728,(D),(D),(D),(D),(D),(D),(D),(D),28108,26684,26376,(D)
48299,"Llano, TX",69,      Educational services,(D),(D),(D),(D),(D),(D),(D),(D),(D),(D),(D),(D),(D),(D),(D),(D),1661,1266,877,(D)
48299,"Llano, TX",70,      Health care and social assistance,(D),(D),(D),(D),(D),(D),(D),(D),(D),(D),(D),(D),(D),(D),(D),(D),26447,25418,25499,(D)
48299,"Llano, TX",75,"    Arts, entertainment, recreation, accommodation, and food services",33726,34100,34855,35635,40611,50682,59315,67094,68123,74174,68466,70826,66966,70701,73134,84786,(D),(D),116233,90352
48299,"Llano, TX",76,"      Arts, entertainment, and recreation",(D),(D),(D),(D),(D),(D),(D),41533,(D),(D),(D),56975,53002,55233,57221,67787,(D),(D),62123,47722
48299,"Llano, TX",79,      Accommodation and food services,(D),(D),(D),(D),(D),(D),(D),25561,(D),(D),(D),13851,13964,15469,15913,16999,(D),(D),54110,42631
48299,"Llano, TX",82,    Other services (except government and government enterprises),11740,12839,12706,13136,14517,15195,15499,15595,16046,16130,15707,16250,19442,22909,23137,20398,18514,20134,20015,18595
48299,"Llano, TX",83,Government and government enterprises,44738,52873,55087,53836,56664,59582,64092,66452,68999,73097,53977,55916,55197,58405,58840,60371,63297,66452,67354,71694
48299,"Llano, TX",,Addenda:,,,,,,,,,,,,,,,,,,,,
48299,"Llano, TX",87,Natural resources and mining,6674,9723,13807,14024,3889,3221,5018,10014,10955,3474,5002,8024,3977,4212,5713,9804,8109,9526,(D),7552
48299,"Llano, TX",88,Trade,28001,29652,34441,38933,40194,41639,43520,48036,47662,49931,50394,58451,58910,58803,58950,59763,59049,62358,66146,70822
48299,"Llano, TX",89,Transportation and utilities,(D),31095,(D),28138,32323,43075,40446,39723,(D),(D),(D),(D),(D),(D),(D),(D),(D),(D),(D),(D)
48299,"Llano, TX",90,Manufacturing and information,(D),8927,8804,9186,9435,10369,11870,17777,15149,13515,10700,9907,12189,15554,22430,20677,25530,26820,25047,23288
48299,"Llano, TX",91,Private goods-producing industries 2/,44511,49596,52919,50202,37307,39951,44412,59658,56296,47028,46796,52961,52230,54731,64520,67194,71217,78555,(D),83331
48299,"Llano, TX",92,Private services-providing industries 3/,225320,227487,240731,246311,275352,313250,322843,319133,335185,351273,361697,394636,400776,419907,572323,594607,619227,618661,(D),689819
48321,"Matagorda, TX",1,All industry total,1870172,1683810,1745210,1982006,2009027,2321092,2285279,2513933,2272918,2248698,2202461,1976659,2011320,2192004,2110690,2105240,2210260,2133983,2340836,2353866
48321,"Matagorda, TX",2,  Private industries,1758010,1568377,1624823,1856962,1882077,2193473,2152293,2377479,2128284,2097591,2053459,1826250,1855041,2031518,1942920,1929956,2032691,1952820,2153866,2163587
48321,"Matagorda, TX",3,"    Agriculture, forestry, fishing and hunting",83480,101749,85596,116005,112163,121526,71252,89718,66889,39148,57119,42657,(D),34735,64380,63019,83959,36309,90449,61207
48321,"Matagorda, TX",6,"    Mining, quarrying, and oil and gas extraction",293701,273881,380258,337729,420136,481751,477778,674533,357312,296813,293697,222211,217567,233762,101381,62772,79430,87666,67405,39677
48321,"Matagorda, TX",10,    Utilities,912277,756764,724545,929918,864209,1058273,1078400,1065199,1159096,1191825,1142954,986223,(D),1099278,1042874,1109353,1153361,1097307,1212437,1265692
48321,"Matagorda, TX",11,    Construction,52063,35794,35681,31905,29151,30345,34688,50679,34745,42219,55892,61806,67807,89305,111503,84728,74012,77603,88206,99472
48321,"Matagorda, TX",12,    Manufacturing,59129,61643,64830,87773,84847,94878,91675,74325,64127,65894,35679,29779,31973,31150,27469,25682,29299,29634,30382,31142
48321,"Matagorda, TX",13,      Durable goods manufacturing,(D),(D),(D),(D),(D),(D),10091,(D),(D),(D),(D),(D),17808,17400,14266,11767,10788,10723,12015,10788
48321,"Matagorda, TX",25,      Nondurable goods manufacturing,(D),(D),(D),(D),(D),(D),81584,(D),(D),(D),(D),(D),14165,13749,13203,13915,18511,18910,18366,20354
48321,"Matagorda, TX",34,    Wholesale trade,14350,13242,14861,18321,18613,18990,(D),(D),(D),15409,16315,(D),(D),(D),(D),(D),(D),(D),(D),(D)
48321,"Matagorda, TX",35,    Retail trade,52665,50381,51974,53616,57498,54857,55702,57552,58614,58041,56234,59742,60831,57560,63071,72653,76034,75073,70403,73998
48321,"Matagorda, TX",36,    Transportation and warehousing,(D),(D),(D),(D),(D),(D),19109,15698,8711,15663,21283,25156,41115,38947,33251,21369,10036,11537,23790,13012
48321,"Matagorda, TX",45,    Information,9035,9454,8378,7341,7115,7386,8907,8720,9763,8980,8716,8549,9710,9927,9976,9413,12346,12822,13558,11496
48321,"Matagorda, TX",50,"    Finance, insurance, real estate, rental, and leasing",126576,120627,119676,129414,136776,156248,136399,148905,155754,160996,172496,180150,181610,198373,213429,227946,245996,247887,274149,301499
48321,"Matagorda, TX",51,      Finance and insurance,23906,23471,21484,19840,19157,19316,18077,18469,21962,23317,25479,26134,24996,23186,24170,22918,22379,24247,23353,24357
48321,"Matagorda, TX",56,      Real estate and rental and leasing,102670,97155,98193,109574,117619,136932,118321,130436,133792,137679,147017,154016,156614,175188,189259,205028,223617,223641,250796,277142
48321,"Matagorda, TX",59,    Professional and business services,55465,41111,38050,42348,43586,48802,52524,59436,78454,82217,71928,68395,60736,73602,99338,78887,(D),(D),(D),(D)
48321,"Matagorda, TX",60,"      Professional, scientific, and technical services",33972,13942,14719,(D),13919,16079,15818,17356,36404,41107,44310,42267,44848,44218,68057,45515,(D),(D),(D),(D)
48321,"Matagorda, TX",64,      Management of companies and enterprises,(D),(D),(D),(D),5988,7281,8514,10517,9565,9504,10072,10858,0,11769,11535,(D),(D),(D),(D),(D)
48321,"Matagorda, TX",65,      Administrative and support and waste management and remediation services,(D),(D),(D),21534,23679,25442,28193,31563,32485,31606,17545,15270,15889,17616,19746,(D),41735,49195,54560,55274
48321,"Matagorda, TX",68,"    Educational services, health care, and social assistance",(D),(D),(D),(D),(D),(D),(D),(D),(D),52770,54942,(D),59207,(D),(D),(D),64027,64176,66248,62530
48321,"Matagorda, TX",69,      Educational services,(D),(D),(D),(D),(D),(D),(D),(D),(D),(D),(D),(D),1419,(D),(D),(D),1636,1756,1957,1816
48321,"Matagorda, TX",70,      Health care and social assistance,(D),(D),(D),(D),(D),(D),(D),(D),(D),(D),(D),(D),57787,(D),(D),(D),62391,62420,64291,60715
48321,"Matagorda, TX",75,"    Arts, entertainment, recreation, accommodation, and food services",23307,23630,22489,21871,22245,24274,29145,32564,33878,30169,28108,31183,34936,40027,46518,45689,46716,40679,43920,37138
48321,"Matagorda, TX",76,"      Arts, entertainment, and recreation",1696,1853,2075,1403,1361,1389,1523,1476,2072,2204,1965,2117,2643,2644,2798,2688,2682,2837,3202,2469
48321,"Matagorda, TX",79,      Accommodation and food services,21611,21777,20414,20469,20884,22885,27622,31088,31805,27965,26143,29066,32293,37383,43720,43001,44034,37842,40718,34669
48321,"Matagorda, TX",82,    Other services (except government and government enterprises),34523,34454,30542,30496,34269,38971,37725,38752,35636,37446,38095,38703,38814,41333,42808,42787,42269,39772,39930,34423
48321,"Matagorda, TX",83,Government and government enterprises,112162,115434,120387,125044,126950,127619,132986,136454,144634,151107,149002,150409,156280,160486,167770,175284,177569,181163,186970,190279
48321,"Matagorda, TX",,Addenda:,,,,,,,,,,,,,,,,,,,,
48321,"Matagorda, TX",87,Natural resources and mining,377181,375630,465854,453733,532299,603278,549030,764251,424201,335962,350816,264868,(D),268497,165762,125791,163390,123975,157853,100884
48321,"Matagorda, TX",88,Trade,67015,63623,66835,71938,76111,73848,(D),(D),(D),73450,72549,(D),(D),(D),(D),(D),(D),(D),(D),(D)
48321,"Matagorda, TX",89,Transportation and utilities,(D),(D),(D),(D),(D),(D),1097509,1080897,1167807,1207489,1164237,1011378,(D),1138225,1076126,1130723,1163397,1108844,1236226,1278704
48321,"Matagorda, TX",90,Manufacturing and information,68164,71096,73207,95114,91962,102264,100582,83045,73891,74874,44394,38328,41683,41076,37445,35094,41645,42456,43940,42639
48321,"Matagorda, TX",91,Private goods-producing industries 2/,488372,473067,566365,573411,646298,728501,675394,889256,523073,444074,442387,356452,(D),388951,304734,236201,266701,231211,276441,231498
48321,"Matagorda, TX",92,Private services-providing industries 3/,1269637,1095309,1058458,1283551,1235779,1464972,1476899,1488223,1605211,1653517,1611071,1469798,(D),1642566,1638186,1693755,1765990,1721609,1877425,1932089
48333,"Mills, TX",1,All industry total,92442,92432,95156,105624,105003,121003,103714,104265,120959,119402,120955,129453,124506,150444,148859,148606,155152,192877,215923,231602
48333,"Mills, TX",2,  Private industries,76863,76299,77513,86767,85456,101495,84395,84942,101451,100344,102649,110550,104758,129679,126193,124422,130485,167759,190279,204751
48333,"Mills, TX",3,"    Agriculture, forestry, fishing and hunting",8973,6734,9516,12805,7948,18906,1907,4736,9928,2393,2907,5231,1309,1646,2244,4897,2750,4154,2300,2387
48333,"Mills, TX",6,"    Mining, quarrying, and oil and gas extraction",118,61,113,104,140,74,538,89,44,49,292,74,20,221,100,76,87,28,8,0
48333,"Mills, TX",10,    Utilities,46,63,61,47,30,18,0,0,0,0,0,0,1270,23133,20945,22441,23241,47555,62072,67653
48333,"Mills, TX",11,    Construction,4590,4944,4927,4509,4632,5117,5038,5290,11220,7083,6803,6949,7243,6891,6472,6739,5975,6360,7007,6850
48333,"Mills, TX",12,    Manufacturing,2962,2975,3265,4335,4077,4351,4174,4123,4457,4949,4909,5310,6647,6618,6164,6075,7295,7956,8629,8540
48333,"Mills, TX",13,      Durable goods manufacturing,1832,1740,1896,2922,2942,3171,3172,3161,3483,3989,3940,3522,4060,3995,3629,3811,4820,5627,6081,5828
48333,"Mills, TX",25,      Nondurable goods manufacturing,1131,1235,1369,1413,1135,1180,1002,962,974,960,970,1788,2587,2623,2535,2265,2475,2329,2548,2712
48333,"Mills, TX",34,    Wholesale trade,1735,1729,1911,2483,3600,4213,5022,4595,4872,5037,4559,4641,4474,3969,3968,3822,3612,4068,5108,5393
48333,"Mills, TX",35,    Retail trade,8795,9996,10419,11373,11372,11512,9856,9259,11230,16158,14945,14152,12481,12534,13131,13988,14760,16319,17002,18315
48333,"Mills, TX",36,    Transportation and warehousing,(D),(D),(D),(D),(D),(D),(D),(D),(D),(D),(D),(D),(D),(D),(D),(D),(D),(D),(D),(D)
48333,"Mills, TX",45,    Information,13285,14026,13036,(D),(D),(D),(D),(D),(D),(D),(D),(D),(D),(D),(D),(D),(D),(D),(D),(D)
48333,"Mills, TX",50,"    Finance, insurance, real estate, rental, and leasing",17480,20336,19920,20560,22510,24822,20938,20691,23318,26670,27138,29519,29734,32471,31056,31014,34246,35739,39231,47539
48333,"Mills, TX",51,      Finance and insurance,(D),(D),(D),(D),(D),(D),(D),(D),4859,5225,(D),(D),5204,5064,5114,6161,5743,6556,6360,(D)
48333,"Mills, TX",56,      Real estate and rental and leasing,(D),(D),(D),(D),(D),(D),(D),(D),18459,21445,(D),(D),24529,27407,25942,24853,28503,29183,32872,(D)
48333,"Mills, TX",59,    Professional and business services,3904,4161,4112,9095,9725,11239,12108,14205,12998,12983,13866,(D),14783,16335,16261,4550,5146,5535,5654,5412
48333,"Mills, TX",60,"      Professional, scientific, and technical services",(D),(D),(D),(D),(D),(D),(D),(D),(D),(D),2202,2328,2349,2615,(D),2749,3178,3655,(D),(D)
48333,"Mills, TX",64,      Management of companies and enterprises,0,0,0,4856,5992,7278,8515,10517,9564,9501,10071,10860,10606,11769,11535,0,0,0,0,0
48333,"Mills, TX",65,      Administrative and support and waste management and remediation services,(D),(D),(D),(D),(D),(D),(D),(D),(D),(D),1593,(D),1828,1951,(D),1801,1968,1879,(D),(D)
48333,"Mills, TX",68,"    Educational services, health care, and social assistance",8779,4924,4130,4195,4255,4668,4872,5117,5414,6075,5908,5764,5634,5388,5548,5551,5511,5632,5877,6269
48333,"Mills, TX",69,      Educational services,74,76,74,40,28,25,50,50,47,53,57,52,41,34,46,69,95,65,64,51
48333,"Mills, TX",70,      Health care and social assistance,8705,4848,4056,4155,4227,4643,4822,5067,5367,6022,5851,5712,5593,5354,5502,5482,5416,5567,5813,6218
48333,"Mills, TX",75,"    Arts, entertainment, recreation, accommodation, and food services",(D),(D),(D),(D),1214,1027,1131,1191,1175,1139,1230,1354,1455,1520,1675,1985,1861,1816,2176,1754
48333,"Mills, TX",76,"      Arts, entertainment, and recreation",(D),(D),(D),76,(D),(D),(D),(D),93,(D),(D),(D),(D),(D),320,372,355,348,454,(D)
48333,"Mills, TX",79,      Accommodation and food services,(D),(D),(D),(D),(D),(D),(D),(D),1081,(D),(D),(D),(D),(D),1355,1612,1507,1468,1723,(D)
48333,"Mills, TX",82,    Other services (except government and government enterprises),4182,4669,4490,(D),4626,4860,4772,4676,5061,5955,5582,6182,(D),(D),5812,(D),5576,(D),(D),(D)
48333,"Mills, TX",83,Government and government enterprises,15579,16134,17643,18858,19547,19508,19319,19323,19508,19058,18305,18904,19748,20765,22666,24183,24667,25118,25644,26851
48333,"Mills, TX",,Addenda:,,,,,,,,,,,,,,,,,,,,
48333,"Mills, TX",87,Natural resources and mining,9091,6795,9629,12909,8088,18980,2445,4825,9972,2442,3199,5305,1328,1867,2345,4973,2837,4181,2308,2387
48333,"Mills, TX",88,Trade,10530,11725,12330,13856,14972,15725,14879,13854,16102,21194,19504,18793,16955,16503,17099,17810,18371,20387,22109,23708
48333,"Mills, TX",89,Transportation and utilities,(D),(D),(D),(D),(D),(D),(D),(D),(D),(D),(D),(D),(D),(D),(D),(D),(D),(D),(D),(D)
48333,"Mills, TX",90,Manufacturing and information,16247,17002,16301,(D),(D),(D),(D),(D),(D),(D),(D),(D),(D),(D),(D),(D),(D),(D),(D),(D)
48333,"Mills, TX",91,Private goods-producing industries 2/,16643,14714,17820,21753,16797,28448,11657,14239,25648,14474,14911,17564,15218,15376,14980,17788,16108,18497,17944,17777
48333,"Mills, TX",92,Private services-providing industries 3/,60220,61585,59693,65013,68659,73047,72738,70704,75802,85870,87739,92986,89540,114303,111213,106635,114377,149262,172335,186974
48411,"San Saba, TX",1,All industry total,96883,99979,107438,111691,112935,114325,108906,124963,134759,132194,136623,138860,131014,135713,146562,169862,176299,196563,206188,186255
48411,"San Saba, TX",2,  Private industries,64874,68562,75311,78860,78814,81011,78888,99857,106990,103102,107747,109807,100533,104863,114585,136359,141688,161816,170717,149260
48411,"San Saba, TX",3,"    Agriculture, forestry, fishing and hunting",1845,1554,9076,(D),7309,6191,6491,15597,16345,8429,11099,13194,9007,9280,10550,12077,11226,12410,10234,10344
48411,"San Saba, TX",6,"    Mining, quarrying, and oil and gas extraction",1179,1254,1776,2134,2081,3265,3385,3688,3525,2699,2443,3053,3636,2707,5111,4365,6480,5341,11470,11800
48411,"San Saba, TX",10,    Utilities,(D),53,44,(D),(D),0,0,0,13,40,0,0,0,1179,3541,22638,21412,41354,41727,9045
48411,"San Saba, TX",11,    Construction,6580,6680,6843,6200,7389,5237,4871,4384,4954,4853,4551,5604,5163,5053,5751,5423,6105,5024,5244,5788
48411,"San Saba, TX",12,    Manufacturing,1770,1831,1796,1541,2022,1153,2225,2111,4249,4224,4833,3704,2677,2608,4095,3937,4317,3684,3637,4060
48411,"San Saba, TX",13,      Durable goods manufacturing,(D),(D),189,155,263,49,264,(D),(D),(D),1083,621,240,616,373,700,901,885,760,727
48411,"San Saba, TX",25,      Nondurable goods manufacturing,(D),(D),1607,1386,1759,1104,1961,(D),(D),(D),3750,3083,2438,1992,3722,3237,3416,2798,2877,3333
48411,"San Saba, TX",34,    Wholesale trade,7197,7197,6508,7522,8000,8530,8969,10118,10776,11453,12381,12419,9763,8626,10066,9610,8462,9125,7153,8687
48411,"San Saba, TX",35,    Retail trade,11829,11981,11253,9775,10189,11179,10883,11002,11832,12009,10051,9068,8498,7867,7413,7650,7231,7727,7852,8455
48411,"San Saba, TX",36,    Transportation and warehousing,1122,1228,1395,1519,1733,1876,2139,1994,(D),(D),(D),(D),(D),(D),(D),(D),(D),(D),(D),(D)
48411,"San Saba, TX",45,    Information,(D),(D),(D),(D),(D),(D),(D),(D),(D),(D),(D),(D),(D),(D),(D),(D),(D),(D),(D),(D)
48411,"San Saba, TX",50,"    Finance, insurance, real estate, rental, and leasing",17685,20142,20236,21207,23044,25585,21591,21267,23896,27305,27625,30410,29992,33367,32565,33213,36516,37070,(D),49322
48411,"San Saba, TX",51,      Finance and insurance,3321,3539,3427,3354,(D),3272,3077,3363,3813,4023,4410,4405,4117,4070,4342,6022,(D),(D),(D),5087
48411,"San Saba, TX",56,      Real estate and rental and leasing,14363,16603,16809,17853,(D),22313,18514,17903,20083,23282,23215,26005,25875,29297,28223,27192,(D),(D),35133,44235
48411,"San Saba, TX",59,    Professional and business services,2556,(D),(D),3655,3673,(D),(D),(D),13200,13038,14616,14771,14928,15977,15690,15739,17832,19417,20733,19933
48411,"San Saba, TX",60,"      Professional, scientific, and technical services",(D),(D),2575,3295,3336,3370,3074,3294,2873,2630,3554,3013,3407,3293,3236,2996,2834,2745,2891,2944
48411,"San Saba, TX",64,      Management of companies and enterprises,0,0,0,0,0,0,0,10516,9564,9500,10070,10856,10602,11769,11535,11744,13743,15375,16465,15680
48411,"San Saba, TX",65,      Administrative and support and waste management and remediation services,(D),(D),(D),360,337,(D),(D),(D),763,908,992,902,919,915,918,998,1254,1297,1377,1310
48411,"San Saba, TX",68,"    Educational services, health care, and social assistance",4146,4486,4421,4304,4041,4190,4489,5192,6639,7141,7251,5434,5017,4908,4125,4932,4155,3410,3196,2117
48411,"San Saba, TX",69,      Educational services,60,62,77,88,115,39,44,37,276,668,774,344,319,401,187,357,323,144,138,111
48411,"San Saba, TX",70,      Health care and social assistance,4086,4424,4344,4216,3926,4151,4445,5155,6363,6473,6477,5090,4698,4507,3938,4575,3832,3266,3058,2006
48411,"San Saba, TX",75,"    Arts, entertainment, recreation, accommodation, and food services",2184,2552,2606,2497,3024,3231,3277,3199,2722,2064,2007,2151,2741,3070,3413,3388,3598,3558,3055,2864
48411,"San Saba, TX",76,"      Arts, entertainment, and recreation",13,50,35,176,74,0,0,0,61,25,109,59,574,479,382,43,21,13,37,0
48411,"San Saba, TX",79,      Accommodation and food services,2171,2502,2571,2321,2950,3231,3277,3199,2661,2039,1898,2092,2167,2591,3031,3345,3577,3545,3018,2864
48411,"San Saba, TX",82,    Other services (except government and government enterprises),5694,5700,5570,5686,6012,6418,6664,6413,6933,7357,6672,6367,5543,5825,5847,6348,6762,6988,7239,7006
48411,"San Saba, TX",83,Government and government enterprises,32009,31417,32127,32831,34121,33313,30018,25106,27769,29092,28876,29053,30481,30849,31977,33503,34611,34747,35471,36994
48411,"San Saba, TX",,Addenda:,,,,,,,,,,,,,,,,,,,,
48411,"San Saba, TX",87,Natural resources and mining,3023,2808,10852,(D),9390,9456,9877,19286,19870,11128,13542,16247,12643,11987,15661,16442,17706,17751,21704,22144
48411,"San Saba, TX",88,Trade,19026,19178,17760,17297,18189,19709,19852,21120,22609,23462,22432,21486,18261,16493,17478,17260,15694,16852,15005,17142
48411,"San Saba, TX",89,Transportation and utilities,(D),1281,1439,(D),(D),1876,2139,1994,(D),(D),(D),(D),(D),(D),(D),(D),(D),(D),(D),(D)
48411,"San Saba, TX",90,Manufacturing and information,(D),(D),(D),(D),(D),(D),(D),(D),(D),(D),(D),(D),(D),(D),(D),(D),(D),(D),(D),(D)
48411,"San Saba, TX",91,Private goods-producing industries 2/,11374,11319,19491,(D),18801,15845,16973,25781,29074,20205,22926,25555,20484,19649,25507,25802,28128,26459,30585,31993
48411,"San Saba, TX",92,Private services-providing industries 3/,53500,57243,55821,(D),60013,65166,61914,74076,77916,82896,84821,84252,80049,85214,89078,110556,113560,135357,140132,117268
48453,"Travis, TX",1,All industry total,44344601,46507820,47459029,50413294,54508761,62133732,64527654,67065871,64997608,69024736,72343117,75200822,81558384,88302114,97817821,104473673,110698040,119224425,127161595,130079148
48453,"Travis, TX",2,  Private industries,38042838,39588259,40349863,43144071,46856871,54079089,56029906,58040407,55323771,58889964,62100218,64704777,70502768,76897136,85876262,92093961,97833728,105894083,113316876,115522280
48453,"Travis, TX",3,"    Agriculture, forestry, fishing and hunting",10918,8591,16192,20786,10355,9095,5487,5647,6486,4001,3288,23661,36220,13432,18784,6720,4084,5984,3846,3511
48453,"Travis, TX",6,"    Mining, quarrying, and oil and gas extraction",117116,99892,109147,128184,322003,415445,418392,436361,397149,480370,789234,645430,551579,673561,636447,511508,552876,687021,871745,875003
48453,"Travis, TX",10,    Utilities,193427,162451,172804,187064,217007,257350,269484,270618,267782,318256,273544,352689,213052,196374,202907,200587,198264,250199,249262,256415
48453,"Travis, TX",11,    Construction,3358271,3370730,2962809,2005385,2347442,3214188,3836338,3287663,2693008,2392957,2378204,2757766,3067312,3582842,4397818,4993878,5366005,5016010,5351613,5685833
48453,"Travis, TX",12,    Manufacturing,6777690,7263578,7186327,9005913,9757198,13264380,11715201,12915019,10899204,12184372,12025063,10214168,10720723,10217411,11858485,11829800,10645455,11795944,11402126,11630944
48453,"Travis, TX",13,      Durable goods manufacturing,6128282,6612973,6560804,8315587,8993185,12271811,10819710,12122496,10168082,11452782,11296921,9461138,9761052,9130158,10430838,10587845,9210208,10247048,9893758,10138562
48453,"Travis, TX",25,      Nondurable goods manufacturing,649407,650605,625523,690326,764013,992569,895491,792523,731123,731590,728142,753030,959671,1087252,1427647,1241955,1435247,1548896,1508368,1492382
48453,"Travis, TX",34,    Wholesale trade,2785263,2463202,2550504,3053190,3409414,3686897,4086817,4455083,4285811,4617279,5319441,6150886,7156358,8587906,10123948,11379345,13258977,14414197,15818642,16228335
48453,"Travis, TX",35,    Retail trade,2721916,2728312,2814752,2752242,2999336,3096066,3145664,3126423,3312297,3575884,3698289,3891870,4159853,4471269,4715929,4889177,4994446,5346632,5731604,6037358
48453,"Travis, TX",36,    Transportation and warehousing,496975,528071,542187,650666,728504,812564,800654,859599,852122,881525,964987,1202708,1271687,1474921,1656325,1616222,1795474,1904677,2263066,1184270
48453,"Travis, TX",45,    Information,3556106,4453438,4690798,5015859,5093422,4951183,5795520,5360131,4900628,5177133,5229286,5342588,6066861,6430046,7680365,8281397,9054467,9108483,9777730,10580344
48453,"Travis, TX",50,"    Finance, insurance, real estate, rental, and leasing",6423972,6754901,7154964,7410836,8358636,9415494,9664457,9633163,9621667,9916768,10509590,11475399,12960940,14759580,15342686,17039253,18450821,20839453,22089399,24348638
48453,"Travis, TX",51,      Finance and insurance,2344554,2435389,2650409,2693796,2872608,3037036,3029659,2990772,3246127,3497690,3556607,4038183,4498974,4992103,5751780,6615811,6889503,8339432,8564644,9239086
48453,"Travis, TX",56,      Real estate and rental and leasing,4079417,4319512,4504555,4717040,5486028,6378458,6634798,6642391,6375540,6419079,6952983,7437217,8461966,9767477,9590906,10423441,11561318,12500020,13524754,15109552
48453,"Travis, TX",59,    Professional and business services,6324375,6132952,6325441,6742839,7238197,7945877,8789452,9586710,9585289,10536783,11582448,12581842,13670683,14890140,16650659,18012253,19411293,21810341,24419412,25051719
48453,"Travis, TX",60,"      Professional, scientific, and technical services",4717874,4531317,4651357,4831374,5159486,5790379,6378507,7146936,7239294,7923803,8659543,9558266,10331202,11268683,12713652,13818236,14743616,16918250,19080715,19542239
48453,"Travis, TX",64,      Management of companies and enterprises,142532,155804,167162,179563,239947,244682,229481,214400,225161,267849,279241,300339,368411,380054,443547,469976,509874,512599,619491,563147
48453,"Travis, TX",65,      Administrative and support and waste management and remediation services,1463970,1445831,1506921,1731902,1838764,1910816,2181464,2225375,2120835,2345130,2643665,2723238,2971070,3241403,3493460,3724042,4157803,4379493,4719205,4946333
48453,"Travis, TX",68,"    Educational services, health care, and social assistance",2560163,2774624,2906954,3120768,3166361,3463192,3707221,4119907,4504439,4694524,4911036,5244753,5426275,5707904,6190544,6495128,6810741,7152963,7470092,7215575
48453,"Travis, TX",69,      Educational services,233532,238359,251711,294260,308579,347984,384858,450743,522552,573898,618408,652145,668359,716077,756687,807858,851416,941904,1017103,913629
48453,"Travis, TX",70,      Health care and social assistance,2326631,2536265,2655243,2826507,2857783,3115207,3322363,3669164,3981887,4120626,4292628,4592608,4757917,4991826,5433857,5687270,5959325,6211059,6452989,6301945
48453,"Travis, TX",75,"    Arts, entertainment, recreation, accommodation, and food services",1558343,1640885,1714066,1837815,1935706,2186398,2374831,2492320,2474819,2593346,2840387,3107723,3340232,3839218,4278473,4625934,4974434,5090334,5274169,4019786
48453,"Travis, TX",76,"      Arts, entertainment, and recreation",294719,313398,321599,366544,371663,402780,413025,414013,445482,468614,542248,460475,508742,621889,655104,782543,884940,928560,966902,724739
48453,"Travis, TX",79,      Accommodation and food services,1263624,1327488,1392466,1471272,1564043,1783618,1961806,2078307,2029337,2124732,2298139,2647248,2831490,3217330,3623369,3843391,4089494,4161775,4307267,3295047
48453,"Travis, TX",82,    Other services (except government and government enterprises),1158304,1206632,1202918,1212523,1273291,1360961,1420388,1491761,1523069,1516765,1575423,1713295,1860995,2052530,2122892,2212758,2316393,2471845,2594169,2404549
48453,"Travis, TX",83,Government and government enterprises,6301762,6919561,7109166,7269224,7651890,8054643,8497748,9025464,9673837,10134772,10242898,10496045,11055616,11404978,11941559,12379712,12864312,13330342,13844719,14556868
48453,"Travis, TX",,Addenda:,,,,,,,,,,,,,,,,,,,,
48453,"Travis, TX",87,Natural resources and mining,128034,108484,125339,148970,332357,424540,423879,442008,403635,484371,792521,669090,587799,686993,655231,518228,556960,693005,875592,878514
48453,"Travis, TX",88,Trade,5507179,5191514,5365256,5805432,6408750,6782963,7232481,7581507,7598109,8193163,9017731,10042756,11316210,13059176,14839877,16268522,18253423,19760830,21550246,22265692
48453,"Travis, TX",89,Transportation and utilities,690402,690521,714991,837730,945511,1069915,1070137,1130218,1119904,1199781,1238531,1555397,1484738,1671295,1859232,1816809,1993738,2154876,2512328,1440685
48453,"Travis, TX",90,Manufacturing and information,10333796,11717016,11877125,14021772,14850620,18215562,17510721,18275150,15799833,17361506,17254349,15556756,16787583,16647457,19538849,20111197,19699921,20904427,21179856,22211289
48453,"Travis, TX",91,Private goods-producing industries 2/,10263994,10742792,10274474,11160268,12436997,16903107,15975418,16644690,13995847,15061701,15195788,13641024,14375834,14487246,16911534,17341906,16568420,17504959,17629331,18195291
48453,"Travis, TX",92,Private services-providing industries 3/,27778844,28845467,30075389,31983802,34419874,37175982,40054487,41395717,41327924,43828263,46904431,51063753,56126934,62409890,68964728,74752055,81265308,88389124,95687546,97326989
48481,"Wharton, TX",1,All industry total,1326528,1186890,1312965,1434820,1625592,1681656,1591776,1942192,1619149,1634346,1643451,1672620,1846534,1751367,1577422,1492170,1665936,1719999,1951301,1921439
48481,"Wharton, TX",2,  Private industries,1198424,1052637,1174789,1296406,1482996,1534870,1437323,1782052,1451401,1459700,1471638,1509174,1674417,1573286,1394412,1303721,1471036,1518374,1748058,1709507
48481,"Wharton, TX",3,"    Agriculture, forestry, fishing and hunting",102569,112499,133455,178289,147871,182367,139748,242722,177076,178907,130565,149576,234047,90721,108181,89188,101634,53821,83585,83965
48481,"Wharton, TX",6,"    Mining, quarrying, and oil and gas extraction",470498,322598,421391,470959,666725,638295,560372,772458,482790,464635,444419,377032,407775,420559,218017,148094,164830,187960,161061,89752
48481,"Wharton, TX",10,    Utilities,7856,6728,6880,7300,7451,7872,20057,45492,75929,64767,77863,76597,81189,75359,71645,99007,226941,260571,369185,368536
48481,"Wharton, TX",11,    Construction,34219,34738,38556,41789,39547,44129,53604,48333,42317,46742,50553,61337,60993,64560,58662,53515,59308,71883,100736,80934
48481,"Wharton, TX",12,    Manufacturing,122885,100241,90907,110691,110534,119995,136571,124832,115381,111909,121784,130617,147380,152827,171815,157199,152011,151672,170886,171129
48481,"Wharton, TX",13,      Durable goods manufacturing,35967,23242,22276,28037,30847,37418,42344,45436,44533,45310,49995,51890,60476,65431,58690,51579,55555,59435,57854,59907
48481,"Wharton, TX",25,      Nondurable goods manufacturing,86918,76999,68631,82654,79687,82577,94227,79396,70848,66600,71789,78727,86904,87396,113125,105619,96455,92238,113032,111222
48481,"Wharton, TX",34,    Wholesale trade,34293,35357,36093,41811,50109,52306,57704,68946,72321,85489,98439,115097,117139,111830,108103,100936,91756,96187,99297,105020
48481,"Wharton, TX",35,    Retail trade,81687,83599,88522,94944,98718,98498,97100,93985,96743,102585,102724,110075,118960,123452,130684,137903,146588,148084,150099,166110
48481,"Wharton, TX",36,    Transportation and warehousing,22959,19393,22768,25230,26899,30099,30136,27826,19077,23655,37868,50743,60306,65179,60010,44762,35182,42667,45283,43663
48481,"Wharton, TX",45,    Information,9082,10051,9933,8013,7719,7509,8758,9788,9894,9923,10048,10622,10916,10077,9862,9277,9172,9533,10356,10535
48481,"Wharton, TX",50,"    Finance, insurance, real estate, rental, and leasing",175748,167092,162635,150259,162370,180953,158983,170411,179807,188449,205376,219603,228127,240724,235668,242054,251691,249883,283259,313598
48481,"Wharton, TX",51,      Finance and insurance,43214,48529,47112,43646,47147,47709,46485,48152,54275,58795,64114,58469,58471,58568,58183,65614,64808,65931,66771,67092
48481,"Wharton, TX",56,      Real estate and rental and leasing,132534,118563,115523,106613,115223,133245,112498,122259,125532,129654,141262,161133,169656,182156,177485,176441,186883,183952,216488,246505
48481,"Wharton, TX",59,    Professional and business services,26195,39498,42865,42563,46118,49151,49354,50784,49170,47301,51989,52582,54719,60277,56722,53816,56711,(D),64820,64279
48481,"Wharton, TX",60,"      Professional, scientific, and technical services",16807,18686,18513,20483,21501,22101,23841,25414,25640,26911,30491,28707,29784,31432,29153,25775,(D),(D),28204,28049
48481,"Wharton, TX",64,      Management of companies and enterprises,(D),(D),(D),(D),(D),(D),(D),(D),(D),(D),(D),(D),(D),14949,(D),(D),(D),(D),16464,15679
48481,"Wharton, TX",65,      Administrative and support and waste management and remediation services,(D),(D),(D),(D),(D),(D),(D),(D),(D),(D),(D),(D),(D),13896,(D),(D),18626,19828,20152,20552
48481,"Wharton, TX",68,"    Educational services, health care, and social assistance",61873,67836,67562,70231,63689,64440,62908,65402,69958,72525,75523,85289,80575,80485,84838,88061,93965,100749,114926,124141
48481,"Wharton, TX",69,      Educational services,(D),(D),(D),(D),(D),(D),(D),(D),(D),3716,3844,4167,4236,4573,4845,5804,6802,6794,7622,7021
48481,"Wharton, TX",70,      Health care and social assistance,(D),(D),(D),(D),(D),(D),(D),(D),(D),68809,71679,81123,76339,75912,79993,82257,87163,93955,107304,117121
48481,"Wharton, TX",75,"    Arts, entertainment, recreation, accommodation, and food services",20188,22772,23029,24067,24332,26445,30613,31648,30114,28836,29904,34011,35301,38654,40494,41989,42278,(D),44379,40438
48481,"Wharton, TX",76,"      Arts, entertainment, and recreation",1273,1712,1828,1970,1858,1868,1847,1828,1767,1908,2266,2511,2553,2935,3267,3411,3221,(D),3125,1534
48481,"Wharton, TX",79,      Accommodation and food services,18915,21060,21200,22097,22474,24577,28766,29820,28347,26928,27638,31499,32748,35719,37226,38578,39056,39651,41254,38904
48481,"Wharton, TX",82,    Other services (except government and government enterprises),28370,30235,30195,30262,30915,32812,31416,29426,30824,33977,34582,35995,36989,38582,39710,37921,38971,40789,50186,47406
48481,"Wharton, TX",83,Government and government enterprises,128104,134253,138176,138414,142596,146786,154454,160140,167748,174645,171813,163446,172117,178081,183010,188448,194900,201626,203243,211932
48481,"Wharton, TX",,Addenda:,,,,,,,,,,,,,,,,,,,,
48481,"Wharton, TX",87,Natural resources and mining,573067,435097,554846,649248,814595,820662,700120,1015180,659866,643541,574984,526607,641822,511279,326198,237282,266464,241780,244646,173717
48481,"Wharton, TX",88,Trade,115980,118956,124615,136754,148826,150804,154803,162931,169065,188074,201162,225172,236099,235282,238787,238838,238344,244271,249396,271130
48481,"Wharton, TX",89,Transportation and utilities,30815,26120,29648,32530,34350,37971,50193,73318,95006,88422,115731,127340,141495,140538,131655,143769,262122,303238,414468,412199
48481,"Wharton, TX",90,Manufacturing and information,131968,110292,100840,118704,118252,127504,145329,134619,125275,121833,131832,141239,158296,162904,181678,166476,161183,161205,181242,181664
48481,"Wharton, TX",91,Private goods-producing industries 2/,730172,570075,684308,801728,964676,984786,890295,1188344,817564,802192,747321,718561,850195,728667,556675,447996,477782,465336,516267,425780
48481,"Wharton, TX",92,Private services-providing industries 3/,468252,482562,490481,494678,518320,550085,547027,593708,633836,657508,724317,790613,824222,844619,837737,855725,993254,1053038,1231790,1283726
Legend / Footnotes:,,,,,,,,,,,,,,,,,,,,,,,
1/ Gross Domestic Product (GDP) is in thousands of current dollars (not adjusted for inflation). Industry detail is based on the 2012 North American Industry Classification System (NAICS).,,,,,,,,,,,,,,,,,,,,,,,
"2/ The private goods-producing industries consist of agriculture, forestry, fishing, and hunting; mining, quarrying, and oil and gas extraction; construction; and manufacturing.",,,,,,,,,,,,,,,,,,,,,,,
"3/ The private services-producing industries consist of utilities; wholesale trade; retail trade; transportation and warehousing, excluding Postal Service; information; finance and insurance; real estate, rental, and leasing; professional, scientific, and technical services; management of companies; administrative and support and waste management and remediation services; educational services; health care and social assistance; arts, entertainment, and recreation; accommodation and food services; and other services (except government and government enterprises).",,,,,,,,,,,,,,,,,,,,,,,
"Metropolitan Areas are defined (geographically delineated) by the Office of Management and Budget (OMB) bulletin no. 20-01 issued March 6, 2020.",,,,,,,,,,,,,,,,,,,,,,,
(D) Not shown to avoid disclosure of confidential information; estimates are included in higher-level totals.,,,,,,,,,,,,,,,,,,,,,,,
"Last updated: December 8, 2021 -- new statistics for 2020, revised statistics for 2001-2019.",,,,,,,,,,,,,,,,,,,,,,,
